IP Address,Port,Code,Country,Anonymity,Google,Https,Last Checked
78.157.225.216,3128,RU,Russian Federation,elite proxy,no,yes,19 secs ago
8.218.86.158,59394,HK,Hong Kong,elite proxy,no,yes,19 secs ago
116.80.41.12,80,JP,Japan,anonymous,,yes,19 secs ago
8.210.238.62,80,HK,Hong Kong,anonymous,,yes,19 secs ago
77.93.33.170,8080,UA,Ukraine,elite proxy,,yes,19 secs ago
200.198.220.159,80,BR,Brazil,elite proxy,,yes,19 secs ago
103.251.225.18,35101,IN,India,elite proxy,no,yes,19 secs ago
178.128.111.27,8118,SG,Singapore,anonymous,no,yes,19 secs ago
171.232.74.123,45006,VN,Vietnam,elite proxy,no,yes,1 min ago
8.217.1.188,59394,HK,Hong Kong,elite proxy,no,yes,1 min ago
103.233.254.151,59394,SG,Singapore,elite proxy,no,yes,1 min ago
141.51.70.139,8080,DE,Germany,elite proxy,no,yes,1 min ago
150.129.115.118,48071,IN,India,elite proxy,,yes,1 min ago
47.242.168.228,59394,HK,Hong Kong,elite proxy,no,yes,1 min ago
103.73.160.89,59394,HK,Hong Kong,elite proxy,no,yes,1 min ago
85.195.104.71,80,--,Unknown,elite proxy,no,yes,1 min ago
163.172.35.121,8088,FR,France,anonymous,no,yes,1 min ago
58.97.72.83,8080,TH,Thailand,elite proxy,no,yes,1 min ago
45.122.233.76,55443,VN,Vietnam,anonymous,,yes,1 min ago
180.250.170.210,59778,ID,Indonesia,anonymous,,yes,1 min ago
176.118.49.102,53281,UA,Ukraine,anonymous,,yes,1 min ago
05.149.219.201,8080,,Unknown,elite proxy,no,yes,1 min ago
212.73.68.156,3128,AM,Armenia,anonymous,,yes,1 min ago
93.157.233.125,53281,RU,Russian Federation,elite proxy,no,yes,1 min ago
202.40.188.90,40486,BD,Bangladesh,anonymous,,yes,1 min ago
8.210.4.56,59394,HK,Hong Kong,elite proxy,no,yes,1 min ago
191.103.219.225,48612,CO,Colombia,elite proxy,no,yes,1 min ago
190.53.46.11,38525,NI,Nicaragua,anonymous,,yes,1 min ago
194.233.69.38,443,SG,Singapore,anonymous,,yes,1 min ago
195.9.61.22,45225,RU,Russian Federation,elite proxy,no,yes,1 min ago
51.81.86.23,3129,US,United States,anonymous,,yes,1 min ago
187.109.121.194,38653,BR,Brazil,elite proxy,no,yes,1 min ago
23.251.138.105,8080,BE,Belgium,anonymous,no,yes,2 mins ago
183.89.171.20,8080,TH,Thailand,elite proxy,no,yes,2 mins ago
123.200.20.242,58847,BD,Bangladesh,elite proxy,no,yes,10 mins ago
186.219.96.47,54570,BR,Brazil,elite proxy,no,yes,10 mins ago
170.83.60.125,55443,BR,Brazil,anonymous,,yes,10 mins ago
190.60.71.124,80,CO,Colombia,anonymous,,yes,10 mins ago
103.250.156.24,6666,IN,India,anonymous,,yes,10 mins ago
92.204.251.198,1080,FR,France,elite proxy,,yes,10 mins ago
8.218.13.143,59394,HK,Hong Kong,elite proxy,,yes,10 mins ago
50.233.228.147,8080,US,United States,anonymous,,yes,10 mins ago
210.14.104.230,8080,MM,Myanmar,elite proxy,,yes,10 mins ago
8.218.13.40,59394,HK,Hong Kong,elite proxy,,yes,10 mins ago
47.242.84.63,59394,HK,Hong Kong,elite proxy,,yes,10 mins ago
167.114.96.27,9300,CA,Canada,anonymous,,yes,10 mins ago
197.248.184.157,53281,KE,Kenya,elite proxy,no,yes,10 mins ago
182.16.171.42,43188,ID,Indonesia,elite proxy,no,yes,10 mins ago
159.197.128.176,3128,US,United States,elite proxy,,yes,10 mins ago
8.218.134.136,59394,HK,Hong Kong,elite proxy,,yes,10 mins ago
36.83.42.15,3128,ID,Indonesia,elite proxy,no,yes,10 mins ago
187.130.139.197,8080,MX,Mexico,elite proxy,no,yes,10 mins ago
47.243.107.17,59394,HK,Hong Kong,elite proxy,no,yes,10 mins ago
103.149.90.13,59394,HK,Hong Kong,elite proxy,no,yes,10 mins ago
170.155.5.235,8080,AR,Argentina,anonymous,no,yes,10 mins ago
71.19.250.92,9018,CA,Canada,elite proxy,yes,yes,10 mins ago
203.193.131.74,3128,IN,India,elite proxy,no,yes,11 mins ago
101.51.106.70,49285,TH,Thailand,elite proxy,no,yes,11 mins ago
207.246.96.45,3128,US,United States,elite proxy,no,yes,11 mins ago
103.22.172.38,59458,IN,India,elite proxy,no,yes,11 mins ago
27.72.28.32,8008,VN,Vietnam,elite proxy,no,yes,11 mins ago
196.15.213.235,3128,ZA,South Africa,elite proxy,no,yes,11 mins ago
203.29.26.241,8080,ID,Indonesia,anonymous,no,yes,21 mins ago
138.201.120.214,1080,DE,Germany,elite proxy,no,yes,21 mins ago
23.88.109.96,5566,DE,Germany,elite proxy,no,yes,21 mins ago
8.217.15.73,59394,HK,Hong Kong,elite proxy,no,yes,21 mins ago
8.218.85.202,59394,HK,Hong Kong,elite proxy,no,yes,21 mins ago
8.210.146.14,59394,HK,Hong Kong,elite proxy,no,yes,21 mins ago
8.217.195.142,59394,HK,Hong Kong,elite proxy,no,yes,21 mins ago
186.159.3.193,56861,CO,Colombia,elite proxy,no,yes,21 mins ago
8.218.29.111,59394,HK,Hong Kong,elite proxy,no,yes,21 mins ago
83.174.138.186,10101,NL,Netherlands,anonymous,no,yes,31 mins ago
110.77.232.49,18960,TH,Thailand,elite proxy,no,yes,31 mins ago
92.204.251.197,1080,FR,France,elite proxy,no,yes,31 mins ago
103.250.166.17,6666,IN,India,elite proxy,no,yes,31 mins ago
66.42.100.151,3128,US,United States,elite proxy,no,yes,31 mins ago
116.251.216.95,80,SG,Singapore,elite proxy,no,yes,31 mins ago
50.233.42.98,51696,US,United States,anonymous,no,yes,31 mins ago
46.105.83.192,1080,FR,France,elite proxy,no,yes,31 mins ago
138.204.68.42,1337,BR,Brazil,elite proxy,no,yes,31 mins ago
77.238.145.209,55443,RU,Russian Federation,elite proxy,no,yes,31 mins ago
8.217.53.81,59394,HK,Hong Kong,elite proxy,no,yes,31 mins ago
54.226.233.55,80,US,United States,elite proxy,no,yes,31 mins ago
45.152.188.235,3128,US,United States,elite proxy,no,yes,31 mins ago
45.152.188.221,3128,US,United States,elite proxy,no,yes,31 mins ago
103.73.253.8,8003,HK,Hong Kong,elite proxy,yes,yes,31 mins ago
178.62.86.195,3128,GB,United Kingdom,elite proxy,no,yes,31 mins ago
36.77.168.33,8080,ID,Indonesia,elite proxy,yes,yes,40 mins ago
191.100.22.203,8080,EC,Ecuador,elite proxy,no,yes,41 mins ago
103.12.160.85,31231,KH,Cambodia,elite proxy,no,yes,51 mins ago
213.6.66.66,48687,PS,Palestinian Territory,elite proxy,no,yes,51 mins ago
154.0.15.166,46547,ZA,South Africa,elite proxy,no,yes,51 mins ago
185.103.246.18,8080,IR,Iran,elite proxy,no,yes,51 mins ago
45.15.16.231,8118,SE,Sweden,elite proxy,no,yes,51 mins ago
47.243.247.41,59394,HK,Hong Kong,elite proxy,no,yes,51 mins ago
88.255.102.98,8080,TR,Turkey,elite proxy,no,yes,52 mins ago
31.40.136.42,53281,RU,Russian Federation,elite proxy,no,yes,52 mins ago
131.108.118.27,8080,BR,Brazil,elite proxy,no,yes,1 hour ago
123.231.221.242,6969,ID,Indonesia,elite proxy,no,yes,1 hour ago
14.238.99.105,3128,VN,Vietnam,elite proxy,no,yes,1 hour ago
